id,age,creatinine,bun,id_z,age_z,creatinine_z,bun_z
1,57,1.1,15,-1.414213562373095,-0.5403432269582992,-0.5183210553488156,-0.6919391886927684
2,65,0.9,12,-0.7071067811865475,0.5403432269582992,-1.382189480930176,-1.2382069692396906
3,72,1.6,28,0.0,1.4859438741353228,1.6413500086045847,1.675221193677228
4,50,1.2,18,0.7071067811865475,-1.4859438741353228,-0.0863868425581361,-0.14567140814584606
5,61,1.3,21,1.414213562373095,0.0,0.3455473702325444,0.4005963724010762
