{
  "total_relevant": 110,
  "k_list": [
    5,
    10,
    20,
    50,
    100
  ],
  "metrics": {
    "@5": {
      "precision": 0.0,
      "recall": 0.0,
      "f1": 0.0,
      "hits": 0,
      "AP": 0.0,
      "nDCG": 0.0
    },
    "@10": {
      "precision": 0.1,
      "recall": 0.00909090909090909,
      "f1": 0.016666666666666666,
      "hits": 1,
      "AP": 0.125,
      "nDCG": 0.31546487678572877
    },
    "@20": {
      "precision": 0.1,
      "recall": 0.01818181818181818,
      "f1": 0.030769230769230767,
      "hits": 2,
      "AP": 0.14583333333333331,
      "nDCG": 0.3591221693825003
    },
    "@50": {
      "precision": 0.04,
      "recall": 0.01818181818181818,
      "f1": 0.024999999999999998,
      "hits": 2,
      "AP": 0.14583333333333331,
      "nDCG": 0.3591221693825003
    },
    "@100": {
      "precision": 0.02,
      "recall": 0.01818181818181818,
      "f1": 0.01904761904761905,
      "hits": 2,
      "AP": 0.14583333333333331,
      "nDCG": 0.3591221693825003
    }
  },
  "global": {
    "MRR": 0.125,
    "MAP@maxK": 0.14583333333333331,
    "coverage": 0.01818181818181818
  }
}