{
  "k": 20,
  "n_candidates": 2987,
  "precision_at_k": {
    "value": 0.4,
    "ci95": [
      0.15,
      2.05
    ]
  },
  "precision_at_k_wilson": {
    "value": 0.4,
    "ci95": [
      0.21880396741419272,
      0.613422057684794
    ]
  },
  "recall_at_k": {
    "value": 0.8,
    "ci95": [
      0.5714285714285714,
      2.8458333333333328
    ]
  }
}