{
  "total_relevant": 10,
  "k_list": [
    5,
    10,
    20,
    50,
    100
  ],
  "metrics": {
    "@5": {
      "precision": 0.8,
      "recall": 0.4,
      "f1": 0.5333333333333333,
      "hits": 4,
      "AP": 1.0,
      "nDCG": 1.0
    },
    "@10": {
      "precision": 0.8,
      "recall": 0.8,
      "f1": 0.8000000000000002,
      "hits": 8,
      "AP": 0.8951388888888888,
      "nDCG": 0.9670943502702474
    },
    "@20": {
      "precision": 0.4,
      "recall": 0.8,
      "f1": 0.5333333333333333,
      "hits": 8,
      "AP": 0.8951388888888888,
      "nDCG": 0.9670943502702474
    },
    "@50": {
      "precision": 0.16,
      "recall": 0.8,
      "f1": 0.26666666666666666,
      "hits": 8,
      "AP": 0.8951388888888888,
      "nDCG": 0.9670943502702474
    },
    "@100": {
      "precision": 0.08,
      "recall": 0.8,
      "f1": 0.14545454545454545,
      "hits": 8,
      "AP": 0.8951388888888888,
      "nDCG": 0.9670943502702474
    }
  },
  "global": {
    "MRR": 1.0,
    "MAP@maxK": 0.8951388888888888,
    "coverage": 0.8
  },
  "slices": {
    "lipid_core": {
      "total_relevant": 8,
      "global": {
        "MRR": 1.0,
        "MAP@maxK": 0.8951388888888888,
        "coverage": 1.0
      },
      "metrics": {
        "@5": {
          "precision": 0.8,
          "recall": 0.5,
          "f1": 0.6153846153846154,
          "hits": 4,
          "AP": 1.0,
          "nDCG": 1.0
        },
        "@10": {
          "precision": 0.8,
          "recall": 1.0,
          "f1": 0.888888888888889,
          "hits": 8,
          "AP": 0.8951388888888888,
          "nDCG": 0.9670943502702474
        },
        "@20": {
          "precision": 0.4,
          "recall": 1.0,
          "f1": 0.5714285714285715,
          "hits": 8,
          "AP": 0.8951388888888888,
          "nDCG": 0.9670943502702474
        },
        "@50": {
          "precision": 0.16,
          "recall": 1.0,
          "f1": 0.2758620689655173,
          "hits": 8,
          "AP": 0.8951388888888888,
          "nDCG": 0.9670943502702474
        },
        "@100": {
          "precision": 0.08,
          "recall": 1.0,
          "f1": 0.14814814814814814,
          "hits": 8,
          "AP": 0.8951388888888888,
          "nDCG": 0.9670943502702474
        }
      }
    },
    "inflammation": {
      "total_relevant": 4,
      "global": {
        "MRR": 0.0,
        "MAP@maxK": 0.0,
        "coverage": 0.0
      },
      "metrics": {
        "@5": {
          "precision": 0.0,
          "recall": 0.0,
          "f1": 0.0,
          "hits": 0,
          "AP": 0.0,
          "nDCG": 0.0
        },
        "@10": {
          "precision": 0.0,
          "recall": 0.0,
          "f1": 0.0,
          "hits": 0,
          "AP": 0.0,
          "nDCG": 0.0
        },
        "@20": {
          "precision": 0.0,
          "recall": 0.0,
          "f1": 0.0,
          "hits": 0,
          "AP": 0.0,
          "nDCG": 0.0
        },
        "@50": {
          "precision": 0.0,
          "recall": 0.0,
          "f1": 0.0,
          "hits": 0,
          "AP": 0.0,
          "nDCG": 0.0
        },
        "@100": {
          "precision": 0.0,
          "recall": 0.0,
          "f1": 0.0,
          "hits": 0,
          "AP": 0.0,
          "nDCG": 0.0
        }
      }
    }
  }
}