benchmark_id,our_method,comparison_method,benchmark_type,clinical_context,n_samples,n_positive,prevalence,our_auc,our_accuracy,our_sensitivity,our_specificity,our_ppv,our_npv,our_f1,comparison_auc,comparison_accuracy,comparison_sensitivity,comparison_specificity,is_significantly_better,improvement_magnitude,clinical_significance,auc_p_value,auc_difference,net_benefit,optimal_threshold
vs_serum_creatinine,AI_Pipeline,Serum Creatinine,existing_biomarker,diagnosis,300,76,0.25333333333333335,0.9803218984962406,0.9066666666666666,0.9342105263157895,0.8973214285714286,0.7553191489361702,0.9757281553398058,0.8352941176470589,0.9498355263157894,0.72,0.9342105263157895,0.6473214285714286,False,0.03048637218045125,minimal,0.16,0.03048637218045125,0.0030486372180451252,0.5167642501025859
vs_ngal,AI_Pipeline,NGAL,existing_biomarker,diagnosis,300,76,0.25333333333333335,0.9803218984962406,0.9066666666666666,0.9342105263157895,0.8973214285714286,0.7553191489361702,0.9757281553398058,0.8352941176470589,0.9609962406015038,0.7266666666666667,0.9473684210526315,0.6517857142857143,False,0.019325657894736836,negligible,0.18,0.019325657894736836,0.0019325657894736837,0.5167642501025859
vs_apache_ii,AI_Pipeline,APACHE II Score,existing_biomarker,diagnosis,300,76,0.25333333333333335,0.9803218984962406,0.9066666666666666,0.9342105263157895,0.8973214285714286,0.7553191489361702,0.9757281553398058,0.8352941176470589,0.930656719924812,0.7633333333333333,0.9210526315789473,0.7098214285714286,True,0.0496651785714286,minimal,0.004,0.0496651785714286,0.00496651785714286,0.5167642501025859
vs_kdigo_guidelines,AI_Pipeline,KDIGO Guidelines,clinical_standard,diagnosis,300,76,0.25333333333333335,0.9803218984962406,0.9066666666666666,0.9342105263157895,0.8973214285714286,0.7553191489361702,0.9757281553398058,0.8352941176470589,0.68,,0.65,0.7,True,0.3003218984962406,substantial,0.05,0.3003218984962406,0.1,0.5
vs_clinical_judgment,AI_Pipeline,Clinical Judgment,clinical_standard,diagnosis,300,76,0.25333333333333335,0.9803218984962406,0.9066666666666666,0.9342105263157895,0.8973214285714286,0.7553191489361702,0.9757281553398058,0.8352941176470589,0.72,,0.7,0.75,True,0.26032189849624066,substantial,0.05,0.26032189849624066,0.1,0.5
